Lugar,Ubicacion,Telefono,Email,Web,Distancia_Talavera_km,Precio_Medio_Comensal_EUR,Gastos_Adicionales_Notas
"Nüa Eventos (Carlos Maldonado)","Cazalegas / San Román","665 763 854","nuaeventos@cmraices.es","https://nuaeventos.com","12-15 km","140€+","Exclusividad de espacio junto al embalse, cocina de autor personalizada"
"Palmeral Resort","Talavera de la Reina","925 720 537 / 621 250 670","info@palmeralresort.com","http://www.palmeralresort.com","0 km","95€ - 130€","Finca de 80ha con palmeras y lago. Ceremonia junto a la piscina"
"Complejo La Hacienda","Talavera de la Reina","925 81 89 95 / 616 922 669","info@complejolahacienda.es","https://www.complejolahacienda.es","0 km","75€ - 110€","Montaje de ceremonia en carpa/jardines, wedding planner incluido"
"Quinta Mayólica","Pepino","676 068 607","info@quintamayolica.com","https://www.quintamayolica.com","6 km","100€ - 120€","Canon ceremonia en jardín, horas extra barra libre"
"Palomarejos Golf","Talavera de la Reina","696 966 818 / 617 425 756","marta@palomarejosgolf.com","https://www.palomarejosgolf.com","0 km","140€ - 150€","Incluye 3h barra libre. Alquiler de Templete para ceremonia (300€-600€)"
"Finca La Malvasía","Pepino","623 199 610 / 654 802 271","wedding@fincalamalvasia.com","https://www.fincalamalvasia.com","7 km","110€ - 130€","Canon o tasa de exclusividad según fecha"
"Jardines Camotal","Pepino","925 81 76 16","info@jardinescamotal.com","http://www.jardinescamotal.com","6 km","70€ - 110€","Montaje ceremonia exterior en carpa climatizada"
"Hotel Cigarral El Bosque","Toledo","925 285 640","bodas@hotelcigarralelbosque.com","https://hotelcigarralelbosque.com","75 km","125€ - 160€","Entorno de cigarral de 5* con vistas panorámicas al casco histórico de Toledo"
"Parador de Oropesa","Oropesa","925 430 000","oropesa@parador.es","https://paradores.es/es/parador-de-oropesa","32 km","110€ - 145€","Alojamiento en castillo S. XIV, uso exclusivo de patios"
